text,label,platform
"Do you think Tesla will add CarPlay with this year’s holiday update?

https://t.co/OqI5oXG3BF",Industry News,X
"Tesla to Add CarPlay, According to New Report: Advantages &amp; Disadvantages: https://t.co/OqI5oXGBrd https://t.co/OqI5oXGBrd",Industry News,X
"Russia’s flagship airline hacked through little-known tech vendor, according
to new report
https://t.co/ckzBCNFFBY",Industry News,X
"The surprising health topic parents never google about their kids, according to new report
https://t.co/YKiaIpn7hw",Industry News,X
"Women being jailed in Surrey prison due to lack of mental health beds according to new report

https://t.co/JOE7s7jIW5",Industry News,X
"Karl Stefanovic eyeing Nine exit for radio role, according to new report
 https://t.co/Dm5KrwhRDs
Why wait until December Karl Stefanovic to leave our TV screens? Do it now PLEASE",Industry News,X
"⚡Global electricity demand is expected to grow by an average of more than 3.5% a year through 2030, and annual investment in power grids will need to rise by about 50% to keep pace, according to new report by the International Energy Agency 

🔗https://t.co/e8i3UaDtMw https://t.co/TWGCPMjVwI",Industry News,X
"🚨🇨🇳 China to deploy AI and LLMs in major sectos of industrial manfacturing by 2027, according to new report.  

The new technologies will also be open source. https://t.co/NntDWr5Oe6",Industry News,X
"'HOW DO YOU DO FELLOW MAGA PATRIOT, READY TO STORM THE CAPITOL?' According to new report: Feds hid 274 FBI plainclothes agents in the crowd on January 6 [justthenews] https://t.co/EiR2CESyAH",Industry News,X
"The Record by Recorded Future | Russia’s flagship airline hacked through little-known tech vendor, according to new report https://t.co/cBHO2bkDO4",Industry News,X
"More people are surviving cancer than ever before, according to new report https://t.co/3IDf2dJryF via @statnews",Industry News,X
"Top 5 states with the highest number of safe hospitals, according to new report

“Among all states, five had the highest number of hospitals earning the distinction: Texas, Florida, California, Ohio and Pennsylvania.” https://t.co/zRvtladrkT",Industry News,X
"Global women’s sports revenue to top $3 billion in 2026, according to new report https://t.co/Z774PJEroJ",Industry News,X
"Steam Machine Might Be Impossible to Purchase in 2026, According to New Report https://t.co/9Qe8n6U3iN",Industry News,X
"In 88 Countries the Bible Is Restricted or Impossible to Afford, According to New Report https://t.co/feNmMRYUFZ",Industry News,X
"On The World 🌎 today: 

@JoshuaCoe: Exxon-funded climate change denial in Latin America, according to new report

@joyhackel: 30 years after Rabin’s assassination

@NPRDina: China's surveillance of Uyghurs expands to digital world

Tune in 📻 https://t.co/lVLgktGs7z",Industry News,X
"Ontario workers shortchanged nearly $200 million in unpaid wages, according to new report.

https://t.co/8EczXc2bGO

#onpoli #canlab",Industry News,X
"Toronto could see up to 15% more traffic during FIFA World Cup, according to new report. https://t.co/Dh2NRgJU2Y",Industry News,X
"Derek Carr could come out of retirement for 'the right situation,' according to new report https://t.co/RTZ7AKqYOI",Industry News,X
"PS5 Pro PSSR 2 Is ‘Not Some 0.5 Upgrade, It’s Huge,’ According To New Report
https://t.co/LJNFgLiU71
#PS5Pro #PSSR2 #Sony #News https://t.co/748Xbg2foJ",Industry News,X
"Children ages 3 and younger most often victims of fatal child abuse in Illinois, according to new report https://t.co/dT9UnC7GYn",Industry News,X
"These Are The Top 5 Cultural Destinations In Europe For 2026 According To New Report
https://t.co/48uqWzfi6B",Industry News,X
"Kurt Cobain was a ‘homicide victim’ according to new report.
https://t.co/1vn7plMfIZ https://t.co/7Gmj4x3Dpw",Industry News,X
"Canadians’ pandemic drinking habits have stuck. Here’s how bad it’s gotten, according to new report https://t.co/oVHs46KS6x https://t.co/KfCZ4HvWwE",Industry News,X
"💥 Air defences around Moscow may soon be sufficient to intercept Trident missiles launched from the UK’s nuclear deterrent, according to new report by @RUSI_org  https://t.co/WXOggPIAeM",Industry News,X
"DHS Secretary Kristi Noem is Considering Hiring Private Bounty Hunters to Track Down Illegal Aliens, According to New Report https://t.co/GTF77gNFwF",Industry News,X
"More Americans report spending more than their income, and only a quarter are satisfied with their financial situation, according to new report. https://t.co/1jYIxBA5zX",Industry News,X
"Hampshire's probation service 'almost debilitated', according to new report https://t.co/d9crSkHUQk",Industry News,X
"With VRAM price rises kicking in, Nvidia has increased the amount it charges graphics card makers for its GPUs, according to new report 👇 #Nvidia #GPUs #VRAM https://t.co/ysY5aYcjri",Industry News,X
Overdoses in Alabama down since last year according to new report https://t.co/zpnUNh63E6,Industry News,X
"DHS Secretary Kristi Noem is Considering Hiring Private Bounty Hunters to Track Down Illegal Aliens, According to New Report https://t.co/W3zhoQqZJv",Industry News,X
"Stellar Blade Sequel Could Go Open World, According to New Report https://t.co/QsDLGK8L5U",Industry News,X
Civil Engineering Salary Growth Outpaces Overall Workforce According to New Report https://t.co/1ec28SGHwn #AmericanSocietyofCivilEngineers #Jobs #Construction,Industry News,X
"More people are surviving cancer than ever before, according to new report https://t.co/K1EgW7uvsd via @statnews",Industry News,X
"“Many of these people will likely turn to food banks and they don’t have the capacity to help all these individuals.""

SNAP enrollment was down -14% in NC last year, according to new report.

That could just be the start as cuts from the ""One Big Beautiful Bill"" continue to take effect. 

Full Story: https://t.co/qQ77L4XILi",Industry News,X
"In 88 Countries the Bible Is Restricted or Impossible to Afford, According to New Report https://t.co/gQ1JM6rjqe",Industry News,X
"According to new report from Dell'Oro Group, Campus Ethernet switching rebounded in 2025, but #AI-driven cost pressures, higher prices, and mandatory enterprise refresh cycles will shape market growth over the next five years. https://t.co/aZrZq9ksBb
#CampusEthernetSwitch #AIOps https://t.co/cdDJYJSYrr",Industry News,X
"FBI Under Kash Patel and Dan Bongino Is ‘F’ed Up,’ According to New Report Which Could Signal Growing Discontent Among Conservatives  📰 @NewYorkSun

https://t.co/Ipmo0IFrS4",Industry News,X
"Global women’s sports revenue to top $3 billion in 2026, according to new report https://t.co/6CfvJz6wAn",Industry News,X
"Pete Hegseth didn’t order killing of survivors of September boat strike, according to new report https://t.co/Gu4B6E6MFk https://t.co/NXGgQaEEkK",Industry News,X
"⛔️ SHOCK: “Happy New Year. Same Old Shit.” According To New Report.

🍾 #HappyNewYear from #BrokenNews. Please like and share x

https://t.co/yvfeFE6FXF",Industry News,X
Young people feel unsupported by an overstretched and impersonal mental health system according to new report | Nuffield Foundation https://t.co/pPTznfh6Fc,Industry News,X
Steam Deck 2 Release Date Leaked According to New Report https://t.co/M52WpxZKuH,Industry News,X
"Tesla to Add CarPlay, According to New Report: Advantages &amp; Disadvantages https://t.co/9jPANiHa5q",Industry News,X
"3 Disney World Resorts Named the Best Hotels in Florida, According to New Report https://t.co/DpS9xp9s9Y",Industry News,X
"US oil and gas industry sets production records in November, led by #Texas, according to new report from @txoga https://t.co/p0YfEF94Of  via @thecentersquare",Industry News,X
"Global women’s sports revenue to top $3 billion in 2026, according to new report https://t.co/dJVw5OGC1o",Industry News,X
"What are the best, worst nursing homes in Stanislaus County, according to new report? https://t.co/K1es6HMer8",Industry News,X
"Global women’s sports revenue to top $3 billion in 2026, according to new report https://t.co/U9p2xwWE8D",Industry News,X
"According to new report from the EU, opposition to abortion is more ‘extreme’ than rape. 

https://t.co/uWfQAx6eja https://t.co/ykiuB0MotK",Industry News,X
"Global women’s sports revenue to top $3 billion in 2026, according to new report https://t.co/o1YcdBqMr7",Industry News,X
"Canadians’ pandemic drinking habits have stuck. Here’s how bad it’s gotten, according to new report https://t.co/x8tV7HUJDv",Industry News,X
"Global women’s sports revenue to top $3 billion in 2026, according to new report https://t.co/mF7ty2qT7v",Industry News,X
"Global women’s sports revenue to top $3 billion in 2026, according to new report https://t.co/fjDeUAwmWJ",Industry News,X
"Nintendo Is Considering A Switch 2 Price Hike This Year, According To New Report [via Nintendo Life] https://t.co/JJ2E3FHoLQ #NintendoSwitch",Industry News,X
"Texas led the U.S. in population growth in 2025, according to new report. The Austin metro area population has increased to 2,348,000. https://t.co/29Jb0aqXxb",Industry News,X
"Top 5 states with the highest number of safe hospitals, according to new report https://t.co/N35wTYMP4O https://t.co/d4xc2XWo5t",Industry News,X
"Media freedom in Serbia “deteriorating”, according to new report https://t.co/xQwzvt5uyV",Industry News,X
"Prices of ski holidays rise by 10% for UK skiers according to new report -

But there are ways to reduce costs.

Updated:

https://t.co/NoJTmKABhV

PlanetSKI",Industry News,X
Tesla sales in Europa fell drastically year-over-year according to new report ⬇️ https://t.co/y7CTpG2GrV,Industry News,X
"Top 5 states with the highest number of safe hospitals, according to new report The analysis highlights centers that excel at preventing serious, avoidable complications during hospital stays based on 13 patient safety indicators. https://t.co/1FNelrDDjo https://t.co/xz1H1jUPbG",Industry News,X
"Canadians' pandemic drinking habits have stuck. Here's how bad it's gotten, according to new report https://t.co/Gm7U51C96T via @WellandTribune",Industry News,X
"Commitments to address climate change increased by just 1 per cent in 2024, according to new report likely to fire up the Coalition fight over zero emissions. https://t.co/VaYro48251",Industry News,X
"Taiwan seizes opportunity as EU delays chip rules twice — the island has the potential to become Europe's go-to partner for semiconductor resilience, according to new report.
★ https://t.co/2aVebsFkEP ★",Industry News,X
"US F-35 fighter jet likely struck by Iran, forced to land at Middle East air base A US F-35 fighter jet was forced to make an emergency landing at a US air base in the Middle East after it was allegedly struck by Iran on Thursday, according to new report… https://t.co/IXseLUUOpw https://t.co/ZcRx14BDF6",Industry News,X
"#AI Is Still Hammering News Sites, #GoogleSearch and Social Referrals #Plunge. Google search traffic to news sites over the last year drops 33% worldwide and 38% in the US, according to new report from #Chartbeat. https://t.co/3XSxGL8JWD",Industry News,X
"📢Public services failing communities according to new report

Centre for Mental Health has found that racism fuels trauma – and many services are unintentionally making it worse.

More 👇
https://t.co/R7ANfgBS7L

#MentalHealth #AntiRacism #PCREF #HealthInequalities #TraumaInformedCare",Industry News,X
"PS5 Pro PSSR 2 Is ‘Not Some 0.5 Upgrade, It’s Huge,’ According To New Report
https://t.co/LJNFgLiU71
#PS5Pro #PSSR2 #Sony #News https://t.co/M3vpk1DLTc",Industry News,X
"Ohio tied for fourth in nation for the most anti-LGBTQ incidents last year, according to new report https://t.co/QHSXUmGoLg https://t.co/o2AkQRZOgN",Industry News,X
"Women's charities ignoring Supreme Court ruling by offering services to men, according to new report https://t.co/kowZ078PwN",Industry News,X
"🇲🇽🇺🇸Mexican businesses are hoping to maintain ​the core principles of the trilateral trade agreement w/ the United States &amp; Canada that is up for review this year, according ‌to new report based on feedback from local execs https://t.co/fvCy6YXbAz",Industry News,X
Young people feel unsupported by an overstretched and impersonal mental health system according to new report | Nuffield Foundation https://t.co/hgWcgDG5JW,Industry News,X
"Contrary to Trump's claims, Canadian border is not major source of fentanyl, U.S. report says https://t.co/dFfNsWHqRr https://t.co/cFjN2sDqtz",Industry News,X
"Titans could lose chance at Jeremiyah Love according to new report w/ @BuckReising 

From the https://t.co/YAg7fQhJfk studio |Presented by https://t.co/rqs9b3eNLP Two Rivers Ford

https://t.co/LkP8i0S7Z5 https://t.co/Vv5AdcOFDC",Industry News,X
"Global women’s sports revenue to top $3 billion in 2026, according to new report: https://t.co/DXlzAQTXje",Industry News,X
"Global women’s sports revenue to top $3 billion in 2026, according to new report https://t.co/eG0ovxisTC",Industry News,X
"The world has entered an era of “global water bankruptcy,” with water systems in many regions no longer able to recover to their historical levels, according to new report by the United Nations University  @UNUniversity.
https://t.co/HrVJyrMKFB",Industry News,X
"Heating costs expected to jump 9.2% this winter, according to new report.

READ MORE: https://t.co/JBMK2N1AER https://t.co/UKkG3FO2E8",Industry News,X
"Global women’s sports revenue to top $3 billion in 2026, according to new report https://t.co/EX0VETHjHZ",Industry News,X
"Apple’s iPhone 18 May Not Arrive in 2026, According to New Report https://t.co/WJGEZpGiRB 

#Apple #iPhone18 #iphone #iphone18pro",Industry News,X
"Massive retired ships are dismantled in Bangladesh's ship-breaking industry, transforming them into valuable scrap🚢
https://t.co/F80TgkNmwL",Industry News,X
"Breaking | Industry Update 📰

@seacrestmarkets has announced the closure of its prop trading programs, confirming a full transition toward operating solely as a CFD brokerage. The update was communicated directly to users via email, and no official announcement has been shared on the company’s social media channels at the time of writing.

Key points to note:

• Seacrest Markets is closing its prop trading programs, shifting focus entirely to its CFD brokerage
• No official update has been posted on social media despite emails being sent to users
• All Challenge accounts will be closed on February 6, 2026, at 12:00 PM GMT
• Traders with active Challenge accounts may request a refund of challenge fees until February 28, 2026
• Traders with funded accounts can request payouts for realized profits until February 28, 2026
• All accounts are now close-only, with open positions force-closed at the February 6 deadline
• Traders who have never received a payout may also request a full refund by February 28, 2026
• Refunds or payouts can be transferred into a Seacrest CFD brokerage account, including an incentive of bonus trading credit (up to $500)
• The CFD brokerage will continue offering Forex, Commodities, Indices, and Cryptocurrencies via MT5

We will continue monitoring for any public statements or additional clarification and share confirmed updates as they emerge.",Industry News,X
"IFS is breaking industry convention on pricing.

Announced today at IFS Connect France by CEO Mark Moffat, a new pricing model enabling customers to deploy and scale AI wherever it creates value across their organization.

#IFSConnect #IndustrialAI #IFSPartners https://t.co/9GGhM3egDW",Industry News,X
🚨BREAKING: INDUSTRY NEWS!,Industry News,X
"Verified per Reuters (Feb 25): DeepSeek withheld its upcoming flagship AI model from Nvidia/AMD for optimization, giving Huawei et al. weeks' head start—breaking industry norm. 

US official (Reuters Feb 24): Trained on banned Blackwell chips (smuggled, likely Inner Mongolia cluster). 

Anthropic (Feb 24 blog): DeepSeek used 24k+ fake accounts for 16M+ Claude queries (distillation); OpenAI similar claims on their models. Reuters adds Google/xAI too. 

All core claims hold.",Industry News,X
"📰 BREAKING | INDUSTRY WATCH

Automation in Textile Manufacturing Goes Viral — What the Videos Show, and What They Leave Out

Viral clips of near-empty textile factories are spreading fast, fuelling claims that automation has already wiped out human labour. The visuals are real. The conclusions are not. Here’s a fact-first breakdown of what’s actually happening inside modern textile manufacturing.

🔴 WHAT’S CONFIRMED
•Automation is accelerating globally, led by China and other major manufacturing hubs.
•AI, robotics, sensors, and smart systems are now standard in high-volume textile plants.
•Viral videos showing few or no workers on the shop floor are authentic.
•These facilities operate under Industry 4.0 models—continuous, data-driven production.

🟠 “UNMANNED FACTORIES” — REAL, BUT LIMITED
•Some plants run with minimal visible labour, mainly in:
•Weaving and spinning
•Fabric cutting
•Dyeing and finishing
•Humans haven’t disappeared—they’ve moved off the floor:
•Maintenance engineers
•Control-room operators
•Automation and software technicians
•Quality and logistics staff
•Routine operator roles are shrinking; the system is not human-free.

🟡 WHAT MACHINES REPLACE — AND WHAT THEY DON’T

Highly automatable
•Weaving, spinning
•Cutting
•Dyeing/finishing
•AI-based visual inspection

Still human-dependent
•Complex stitching
•Design changes
•Custom garments
•Small-batch and artisanal work

🟢 JOB IMPACT: DISPLACEMENT VS TRANSFORMATION
•Low-skill, repetitive roles are declining where automation scales fast.
•Output is rising; employment is stagnant or falling in some regions.
•New jobs are growing in:
•Machine maintenance
•Systems monitoring
•Data and industrial IT
•Robotics and automation support
•Risk is highest where reskilling and transition support are weak.

⚠️ WHY THESE VIDEOS GO VIRAL
•Empty floors create high-impact visuals.
•Short clips omit context and are often:
•Promotional showcases
•Selectively framed
•Misread as industry-wide norms
•One factory ≠ the entire global textile sector.

❌ MYTHS VS ✔️ REALITY
•❌ “Automation means no human jobs”
•❌ “AI has already erased textile employment”
•❌ “One viral plant represents the whole industry”
•✔️ Automation reduces some roles, shifts others
•✔️ Most factories run human–machine collaboration

📌 WHAT REALLY MATTERS NEXT
•Automation is not optional for competitiveness.
•The decisive factors now are:
•Worker reskilling
•Education aligned to industrial change
•Policy planning for labour transitions
•Countries that prepare workers adapt.
•Those that don’t face inequality—not instant joblessness.

🔚 BOTTOM LINE
•The machines are real.
•The transformation is real.
•The claim that AI has already ended human work is not.

Automation isn’t the end of jobs.
It’s the end of old job definitions.
What happens next depends on people—not machines.

#Automation
#Manufacturing
#FutureOfWork",Industry News,X
"And the 2026 skill of the year is… Plus, breaking industry news https://t.co/Mp61JPYgij",Industry News,X
"🚨BREAKING: Industry milestone, the U.S. SEC and CFTC issue greater clarity around #crypto assets. 

History is being made.",Industry News,X
"Early Access 👀👀👀

What could this absolutely insane update be? Ground breaking? Industry changing?",Industry News,X
"BREAKING:

Japanese PM Sanae Takaichi decides to ease the country’s restrictive rules on arms exports.

The government has announced that the previous ban on exports had to be relaxed in order to stimulate the domestic defense industry.

The export of some defensive equipment, such as mine sweepers and radars, has been allowed since Shinzo Abe changed the law in 2014 but the new guidelines will make it possible for allied countries to buy offensive weapons such fighter jets, cruise missiles and warships.

Japan’s decision is great news for its allies in North America and Europe which have depleted weapon stocks after the wars in Ukraine and Iran, with their industrial capacity struggling to keep up with the demand for new short-term arms production

🇺🇸🇨🇦🇪🇺🇺🇦🇯🇵",Industry News,X
"🚨 #BREAKING | Industry Warning ⚠️

Phison Electronics CEO warns that many consumer electronics manufacturers may go bankrupt or exit product lines by end-2026 amid the AI memory crisis

⚡ Rising AI memory demand + supply-chain pressures could reshape the electronics sector.
#Phison #AI #Semiconductors #MemoryCrisis #ConsumerElectronics #Breaking",Industry News,X
The beauty of 74 year old jean smart breaking industry records with a show about a woman getting her second shot at the spotlight late in her career,Industry News,X
"📢 Breaking industry funding news: Cutting Horse closes oversubscribed $75 million growth equity fund to back consumer brands. 

Cutting Horse, a boutique growth equity firm led by seasoned consumer‑brand operators, has announced the successful closing of its inaugural Fund I with $75 million in capital commitments, exceeding its initial $50 million target. 

The firm’s strategy focuses on making minority investments of $1 million–$10 million in founder‑led consumer product and service companies (including food & beverage, wellness, pet and lifestyle categories), providing both growth capital and hands‑on operational support.",Industry News,X
"@usmanshabbir You have higher bar than me for category defining. If a company literally redefined the category and is breaking industry records, that's enough for me 🙂",Industry News,X
"ICYMI:

We spoke with Danny Black @SportsBalt of @CollectingOnSI on some of the breaking industry news that recently came out.  Here what he had to say.

#breakingnews #gscl #interview #greeniesportscards https://t.co/yTXcP9hm2c",Industry News,X
"🚨Breaking: Industry experts say real tokenization goes beyond wrapping assets on-chain, highlighting asset composability as key to meaningful financial integration. (Via @Cointelegraph)

#Blockchain #Business #Investments #token #CryptoMarket
https://t.co/1QmeaQdht6",Industry News,X
"BREAKING: Yesterday a former CSIS intelligence officer sounded the alarm on the risks of Chinese EVs to the Industry Committee.

Yet for some reason, despite just two months ago declaring China as Canada's biggest national security threat, Mark Carney and the Liberals have done a complete 180 and have now decided that it's in Canada's best interests to completely ignore these warnings and put Canada at risk. 

What on earth could have possibly inspired such a wreckless change of course? 

Below are a few clues for any inquisitive Canadians out there.

""China Business Ties & Policy Flip-Flop:
Investments and Influence Raise Compromise Concerns
At Brookfield (2020–2025), Carney oversaw over $3B in China investments, including a $750M Shanghai deal with a CCP-linked tycoon and Bank of China loans. During the 2025 election, Beijing-linked WeChat operations amplified pro-Carney narratives to influence Chinese-Canadian voters. Pre-election, Carney labeled China Canada's ""biggest security threat."" Post-election, he visited Beijing, met Xi Jinping, signed a partnership easing EV tariffs (49K units at 6.1%), and praised the relationship — later ruling out a full FTA amid U.S. pressures"" - Source: https://t.co/7LVVyC7glB",Industry News,X
"And who do you think arms those Islamic jihadi rebels? Hmm.

The same people who arm and train and fund ALL ISLAMIC JIHADI REBELS and DRUG CARTELS around the world.

Look it up.

Google AI summary: Arms deals are a major, record-breaking industry for Israel, with defense exports reaching $14.7 billion in 2024, placing it among the world's top 10 weapons exporters. Surging demand, driven by conflicts and the marketing of ""battle-tested"" technology, has made the sector highly profitable, though it is not the sole driver of Israel's overall GDP, which includes strong technology and service sectors.",Industry News,X
"2026 Integrated Packer & Cold Storage Report

Reporting Period: March 13, 2026 (Q1 Performance Update)

Breaking Industry News

Packer & Processing News

Packer Margins Turn Positive: In a major reversal from February's record losses, average beef packer margins turned positive this week, reaching +$20.00 per head. This recovery was driven by a sharp rise in the Choice Boxed Beef Cutout to a six-month high of $397.09/cwt.

The ""Family Grocery and Farmer Relief Act"": Introduced in the Senate on March 5, 2026, this landmark legislation proposes a ""Single Protein Mandate."" If passed, it would force giants like Tyson and Cargill to divest operations so they only process one species (e.g., only beef OR only pork).

Foreign Ownership Ban: The new bill specifically targets foreign-controlled firms like JBS S.A. and Smithfield Foods, potentially requiring them to sell their U.S. assets to domestic companies within a strict timeframe.

Labor Alert: A potential strike at the JBS Greeley beef plant (Colorado) is currently being monitored, with workers authorizing a walkout that could disrupt 5% of national daily slaughter capacity.
Cold Storage & Inventory News

USDA Inventory Tightening: Total red meat in cold storage has fallen to 863M lbs, down 2% year-over-year.

Beef Storage Floor: Beef stocks fell to 435M lbs (-4% YoY). Boneless beef (grinding material) saw the steepest drop, falling 5% as retailers pull from reserves to maintain ground beef supplies.

Pork Belly Build: Pork bellies in storage surged 16% month-over-month, now sitting 3% higher than last year. This ""bacon buffer"" is expected to cap retail price spikes through the spring.

The Butter Rally: After a 17% YoY deficit in storage, wholesale butter prices have ""gone vertical,"" rallying from $1.40 to $1.70 per lb in just 30 days.

Sector-Specific Performance Analysis

Beef & Cattle: The Supply Chokehold

The cattle herd is at its smallest since 1951, creating an unprecedented supply floor.

Slaughter Rates: Capacity utilization has dipped to 74.7%, as packers intentionally slow lines to maintain the newfound positive margins.

Carcass Weights: Weights remain record-high at 895 lbs (+27 lbs YoY), a necessary strategy to wring more ""total pounds"" out of fewer animals.

Import Strategy: The USDA has raised the 2026 import forecast to 5.57 billion lbs to meet the demand for lean processing beef.

Pork & Hogs: The Efficiency Leader
Pork production is currently the industry's primary volume driver.

Production Forecast: 2026 is on track for 28.2 billion lbs (+2.3% YoY).

Inventory: Unlike beef, pork stocks are healthy, with hams (+6%) and butts (+38%) seeing significant builds.

Market Sentiment: Hogs are trading at a ""value"" discount to cattle, making pork the preferred protein for feature-based retail ads.
Poultry: The Inflation Hedge
Chicken: Broiler production is being adjusted higher to meet ""substitution demand"" from beef-weary consumers.

Turkey Scarcity: Turkey remains the outlier in poultry; storage is 8% lower than 2025 due to lingering HPAI (Bird Flu) production gaps.

Retail Move: ""Dark meat"" chicken (thighs/legs) is seeing record velocity in the ""Family Pack"" segment.

Dairy: The Protein Power Move
Output: Total milk production is forecast at 234.5 billion lbs, driven by record ""Milk per Cow"" yields despite a shrinking national herd.

Powder Surge: Non-fat dry milk prices have spiked from $1.20 to $1.40 in three weeks, driven by the ""Food as Medicine"" movement and high demand for dairy-based proteins.

Executive Data Summary
Beef: Stock-Critically Tight, YOY Change-Down 4%, Packer Margin-Positive ($20/hd), Outlook-Bullish (Supply)

Pork: Stock-Building, YOY Change-Up 1%, Packer Margin-Stable, Outlook-Expansion

Poultry: Stock-Steady, YOY Change-Down 3%, Packer Margin-Positive, Outlook-Steady/Growth

Dairy: Stock-Tight (Butter), YOY Change-Down 17% (Butter), Packer Margin-Improving, Outlook-High Yield

Strategic Outlook
The Divestiture Risk (Packers)
The proposed ""Single Protein"" legislation creates an immediate need for ""Antitrust Audits.""

Strategy: Multi-species packers should begin evaluating which protein lines are ""core"" and which would be the most attractive for potential spin-offs or sales to meet domestic ownership requirements.

The ""Bacon-as-Value"" Play (Retailers)

Strategy: With pork belly storage up 16%, retailers have a massive window to use bacon as a ""loss leader"" to drive foot traffic, offsetting the sticker shock of $10+/lb ground beef.

Inventory Hedge (Cold Storage)

Strategy: Given the JBS Greeley strike threat, buyers should prioritize securing an additional 7-10 days of beef inventory immediately. A plant closure of that scale would instantly erase the current ""positive"" margin gains and spike spot-market prices.
#coldstorage #beef #pork #poultry",Industry News,X
"#BREAKING #IranWar #Iran
🟥🔥Reuters, citing shipping industry sources: ""The Iranian navy has radioed ships to close the Strait of Hormuz again and is preventing any vessels from passing through.""

The orange lunatic man must be removed...Stop that demented president !!!!! https://t.co/W5rtAseoa5",Industry News,X
"Another week down, another YT video live...

Community wins, health updates, my 2026 goals, breaking industry stigmas, and a behind-the-scenes look on an insane $50k month this TSSC member had

""Here's what they don't tell you about a $50K commission month in high-ticket sales""

Link below to watch👇",Industry News,X
"The West Went Green. The East Went Gold.....Europe chose ideology over energy. Grids are breaking, industry is fleeing, and now gold is re-emerging as neutral money.

https://t.co/Y5FOvw8IJ3",Industry News,X
"And who do you think arms those Islamic jihadi rebels? Hmm.

The same people who arm and train and fund ALL ISLAMIC JIHADI REBELS and DRUG CARTELS around the world.

Look it up.

Google AI summary: Arms deals are a major, record-breaking industry for Israel, with defense exports reaching $14.7 billion in 2024, placing it among the world's top 10 weapons exporters. Surging demand, driven by conflicts and the marketing of ""battle-tested"" technology, has made the sector highly profitable, though it is not the sole driver of Israel's overall GDP, which includes strong technology and service sectors.",Industry News,X
"BREAKING: 

INDUSTRY PLANT ALLEGATIONS 🚨

Funny how some people blow up overnight… while real Americans work for years and stay invisible.

OGSPANKY footage leaks again. https://t.co/sdOXhTU4yB",Industry News,X
"$RGR Q4 2025 earnings: Top-Line Resilience Masks Severe Profitability Deterioration

Ruger proved it can still drive sales in a contracting market, but it is paying a heavy price on the bottom line. Q4 net sales grew 3.6% YoY to $151.1M, breaking industry stagnation despite a 4.1% annual drop in adjusted NICS background checks. However, the volume did not translate to profit. Q4 Adjusted EPS collapsed 58% to $0.26, and the company posted a full-year GAAP net loss of $4.4M. While aggressive destocking and 65 new product models position the top line well, the integration of the Anderson facility and higher operational costs crushed margins. Management explicitly acknowledged that improving the bottom line and aligning manufacturing capacity is now 'essential.'

Full article with charts https://t.co/x9QvtNpk54",Industry News,X
"#Breaking | Big boost for Odisha farmers. ✅

Shivraj Singh Chouhan clears procurement of five crops—from moong to mustard—under MSP. 

@AgriGoI 

#Odisha #Farmers #MSP https://t.co/1pqVo1g5a1",Industry News,X
"For just $99, you get a FULL YEAR of Funeral Service Insider.
💥 Weekly insider updates
💥 Breaking industry news
💥 Ideas your competitors haven't caught yet
One decision. A full year of staying in the know.
Don't miss what everyone else will be talking about tomorrow. https://t.co/5HVnxXLvgP",Industry News,X
"@Johnathan_W15 @KobeissiLetter Lots of Chinese companies don’t go public—such as Huawei Hisilicon. In China’s semiconductor engineering circle, Hisilicon is a total gold star on your résumé. If you’ve worked there, you can basically get a job anywhere in China’s semiconductor industry without breaking a sweat.",Industry News,X
"Britain’s [Planned] Energy Crisis Is Breaking Industry And Agriculture

https://t.co/Py2U1ytmHX",Industry News,X
"@RIP7217 @AIHighlight Without breaking functionality is impossible, many libraries/functions allowing it were not developed for tracking. Also they code whatever needed via javascript. The extensions catch some, the low hanging fruit. This feeds a gigantic data industry. Privacy means squat to them.",Industry News,X
"Verified: Reuters reports DeepSeek withheld its upcoming V4 model from Nvidia & AMD (giving Huawei et al. weeks' head start), breaking industry norm. A US official confirmed it trained the model on banned Blackwell chips in China. OpenAI & Anthropic accused DeepSeek of large-scale distillation of their models to ""free-ride."" Core claims check out.",Industry News,X
"#Breaking | Two states. Two completely different stories.  🚨

#TamilNadu - a superstar vs a dynasty vs a veteran alliance. 

#WestBengal - 15 years of Mamata vs a BJP that refuses to stop.  85% and 90% turnout. 

People want to decide.  

Whatever happens on May 4, Indian democracy just showed the world it still has electricity.  

Follow @industryodishaa — we cover what elections mean for India's economy.  

#TamilNaduElections2026 #WestBengalElections2026 #Elections2026",Industry News,X
@spooky_nigga I think it’s just as odd to see a woman complaining about misogyny in the comic book industry and instantly go “oh you’re just a fat Reddit mod”. Breaking news: women don’t like misogyny! You have no ground to stand on,Industry News,X
"BREAKING: Industry experts predict 2026 as the pivotal moment for non-stop capital markets. Tokenization is set to revolutionize traditional finance.

A major institutional player has moved a significant portion of digital assets recently, positioning for future rewards. Multiple large transfers occurred within a short timeframe, signaling strategic preparation.

This marks a key development in the shift towards continuous trading environments. The move highlights growing institutional confidence in the underlying technology.",Industry News,X
"Pakistan has the third-largest ship-breaking industry in the world, centered mainly at the Gadani shipbreaking yard near Karachi. 

While the industry plays a key role in recycling steel, meeting local metal demand, and providing employment, it has long faced cri_ticism over unsafe working conditions and environmental h@rm. 

Recently, Pakistan took an important step forward as its first ship recycling yard received certification under the Hong Kong International Convention, signaling progress toward global safety and environmental standards. 

Experts say stronger compliance, better infrastructure, and strict regulation could help Pakistan improve its ranking and competitiveness in the global ship-breaking market.

This content is for informational purposes only and based on available reports. This image is used for reference. Please visit official sources for further details.

#ShipBreaking #PakistanIndustry #SustainableDevelopment",Industry News,X
"Let’s Break Games is back! Want to play locally made games and meet the devs behind them?

Then grab your ticket right here: 
https://t.co/rxzYkss3L4

Sun 3 May, 2PM at the Rise, Maylands!

Bring your best game breaking skills!

#IndieGame #GameDev #WAGames https://t.co/C4pHUBNLpb",Industry News,X
"When the microphone arrived in 1925, critics said it was breaking up the band. It didn't sound natural. It threatened livelihoods. It was enabling a moral panic called ""crooning.""

Replace ""microphone"" with ""AI"" and you have some of last week's music industry headlines.",Industry News,X
"Really cool photos of old telephone lines in Stockholm  - truly an “exchange” 😀

👉 https://t.co/7HyyrBobfG

---
Join our newsletter to get exclusive access to in-depth wireless analysis, breaking industry news, trends, and reports 👉 https://t.co/TeKDIHjtGV",Industry News,X
"#Breaking | Biggest #GST fraud crackdown 🧵

• ₹1,825 Cr refund scam
• Alleged mastermind arrested
• Action by #DGGI Ahmedabad

Investigation continues. ✅

@GST_Council 

#India #Ahmedabad",Industry News,X
"@bobbystivic i feel in this industry men are held at a lower standard than women in the way that if a woman shows incredible emotion its seen as the bare minimum as women are seen as more emotional naturally, and if men do the same its seen as ground breaking and basically its the patriarchy",Industry News,X
"Breaking: industry plant is now ""representing the fandom""",Industry News,X
Thank you @RichardHeartWin for being a fearless leader in a ground breaking industry.  He strives to bring financial freedom and power back to the people.  He has faced unjust relentless persecution.  If you think he won't #win #Crypto you have no idea whats coming #Pulsechain,Industry News,X
🚨BREAKING: industry leader @Ripple acquire GTreasury a payments Goliath handling $12.5Trillion global payment volume #XRPL #XRP,Industry News,X
"Major breaking industry news, via InGame's Jill R. Dorson: FanDuel and DraftKings have resigned from the American Gaming Association, with differing viewpoints over prediction markets at the heart of the split.",Industry News,X
"Check out UK Music’s ground-breaking Five Ps guide, designed to bring enduring change for diversity and inclusion across the music industry. The practical toolkit focuses on People, Policy, Partnerships, Purchase, and Progress - moving beyond pledges to embed inclusion into every organisation. Learn more: https://t.co/LsN8ANlq69",Industry News,X
BREAKING - Ukraine has restarted Russian oil pipeline to Europe: Ukraine energy industry source to AFP https://t.co/LDurjokDmO https://t.co/xD3F5jOtPe,Industry News,X
"#Breaking | Heatwave impact in Dhenkanal. 🚨

Schools up to Class XII shut from April 23; admissions &amp; exams to continue. 📢

#Odisha #Dhenkanal #Heatwave https://t.co/ViLoGsc5DA",Industry News,X
"A single_____&amp; is worth billions of ____people from____.

But are they worth publicly breaking with worst environmental admin in modern history? Can at least criticize industry insiders running policy before we vice signal our desire to sacrifice billions who are not responsible?",Industry News,X
"DeepSeek V4 is playing a high-stakes game of ""Cat and Mouse"" with the global AI industry. 🐱💻

Reuters reports that DeepSeek is breaking industry norms by denying @Nvidia and @AMD pre-release access to V4, prioritizing optimization for @Huawei and domestic chips.",Industry News,X
"Germany's AfD just declared the climate crisis over. A hoax. A complete scam to crush industry.

They're not alone. Hungary is already breaking away. Italy is skeptical. Poland is resisting. Slovakia is rethinking. The EU's green dream is becoming a nightmare.

The cartel pushed net-zero to control economies. Crush industry. Create dependency. Force compliance.

Now countries are waking up. Germany's industry is collapsing. Energy prices are through the roof. Voters are angry.

The EU is fracturing. One country at a time. One election at a time.

The green scam is being exposed. The cartel is losing grip.

When countries break away, the EU breaks apart. It's already happening.",Industry News,X
"BREAKING: Florida State guard Lajae Jones has entered the NCAA transfer portal, @JamieShaw5 reports.

Jones averaged 12.7 points and 5.7 rebounds this past season. He will need a waiver to gain an additional year of eligibility.

https://t.co/MorD1lSVIl https://t.co/akkH4XyBdw",Industry News,X
🔴 BREAKING: Saudi Arabia’s Minister of Industry and Mineral Resources Bandar al-Khorayef tells Al Arabiya Business that Red Sea ports have reduced the impact of the regional conflict on mineral and fertilizer exports. https://t.co/w1SzS2RybK,Industry News,X
"BREAKING: 

At midnight last night every Democrat + Murkowski and Collins voted to give abortion chain Planned Parenthood hundreds of millions of our taxpayers dollars

Every day Planned Parenthood destroys 1,190 unborn lives

Defund and shut down the abortion industry now!",Industry News,X
"#Breaking | Big relief for summer travellers. 🚨

Indian Railways to run 18,262 special train trips to ease peak rush. 👏

@RailMinIndia @RailwaySeva 

#India #Railways",Industry News,X
"@BlockchainAssn @crypto_council 120+ organizations. One message to Congress.
The industry is ready for the rules. #RWA",Industry News,X
"BREAKING: Fanatics Markets joins the industry-wide rush toward parlay-style trading with its new ""Combos"" feature. These multi leg bets have been growing increasingly popular on Polymarket and Kalshi. https://t.co/wBXxmJXk3I",Industry News,X
We’re live at SHOT Show Swing by our booth #11260 this week if you’re attending and see why EAA is about to be toxic for the competition in 2026. Breaking industry standards and delivering the best value out there https://t.co/y126ErhKzc,Industry News,X
"❄️🚨BREAKING NEWS: Iconic rapper Drake is releasing his long awaited album “ICEMAN” on May 15, 2026. This comes after the industry attempted to blackball and silence him to prevent him from exposing their secrets. https://t.co/ZppLfkOywP",Industry News,X
"#Breaking: Tech giants are cutting thousands of jobs. Meta and Microsoft want to save money. Up to 23,000 roles might just vanish. It feels like the industry is changing forever. You won't believe where all that extra cash is going. https://t.co/LDNCe3Ebvv",Industry News,X
"Just a few days ago, the entire industry was worried about quantum computers potentially breaking Bitcoin.  

But the real issue came from where no one expected.  

Arbitrum turns out to be a centralized mess that can «freeze» any address and do whatever it wants.  

So what’s the point of this L2 solution?

$arb $eth #L2",Industry News,X
"DeFi does not lack yield. It lacks risk infrastructure.

The industry has spent years optimizing for returns. Higher APYs. Complex strategies. The assumption: if you can generate yield, capital will follow.

This assumption is breaking down since fancy yield metrics carry risks most don't account for.

Here's how we do due diligence at Clearstar: 
https://t.co/4u1F5O9yr1

Capital at scale behaves differently than capital at the margin. A retail user chasing 50% APY and an institution allocating $10M or more have fundamentally different requirements. The institution needs to answer questions that the APY number cannot address:

What is the maximum drawdown scenario? What is the liquidity profile if we need to exit? Who is on the other side of this?

Most DeFi protocols are not built to answer them. Clearstar exists at this layer. We create the infrastructure that makes yield deployable at institutional scale.

This means:
- Continuous monitoring
- Exposure limits and concentration controls
- Documented risk parameters with clear rationale
- Transparent reporting on what is actually happening on-chain

Yield attracts capital. Risk infrastructure retains it.",Industry News,X
"🚨🇬🇭 Ghanaian Women Continue to Soar

Remarkable Strides in the Aviation Industry
Ghanaian women are increasingly breaking barriers and making significant strides in the aviation sector, with many boldly pursuing careers as pilots.

A shining example is 24-year-old Hamida Fuseini, who hails from Yendi-Adibo in the Northern Region and currently resides in Tamale. After completing her secondary education at Nobisco, she pursued her lifelong dream of becoming a pilot.

Through sheer hard work, unwavering determination, and remarkable courage, Hamida has etched her name in history as the first female pilot from Northern Ghana to obtain a Private Pilot License (PPL), a Commercial Pilot License (CPL), and a Multi-Engine Instrument Rating (MEIR).",Industry News,X
"🚨 #BREAKING | Industry Warning ⚠️

Phison Electronics CEO warns that many consumer electronics manufacturers may go bankrupt or exit product lines by end-2026 amid the AI memory crisis

⚡ Rising AI memory demand + supply-chain pressures could reshape the electronics sector.
#Phison #AI #Semiconductors #MemoryCrisis #ConsumerElectronics #Breaking",Industry News,X
"🚨 BREAKING NEWS

Renowned producer & analyst Tripuraneni Chitti Babu passes away due to heart attack in Hyderabad

A big loss to the film industry

🙏 Rest in Peace

#ChittiBabu #BreakingNews #RIP #TeluguCinema #Hyderabad #FilmIndustry #PRRadiusNews #IndiaNews #Tribute #Condolences #Legend",Industry News,X
"Me: do i write nafw or am I being guided this way as a form of cyber buck breaking to make a black lolcow for a digital lynch mob to sacrifice for money/clout in the entertainment industry because economic hardship does this to people 

🤔🤔🤔🤔

Make U think me sumting",Industry News,X
"We got something special on 420 
Breaking industry barriers
That’s what we do",Industry News,X
"#Breaking | Massive crackdown ahead of polls. 🚨 @ECISVEEP 

Seizures in Tamil Nadu &amp; West Bengal cross ₹1,000 crore: ECI. 📢

#ElectionNews #WestBengal #TamilNadu #Byelections https://t.co/Tnl2z1o65J",Industry News,X
"@fluffybiscuit03 i have a love-hate relationship with it
on one hand im really exited because each gta game since 3 were ground breaking for their times
but on the other hands i don't want it to push a new wave of RDR2 glazers in the industry 🫩🫩🫩",Industry News,X
"🚨🚨🚨 BREAKING🚨🚨 🚨

“Six Flags Great Adventure today announced Mike Fehnel as Park President of Six Flags Great Adventure, Wild Safari and Hurricane Harbor New Jersey, bringing more than 30 years of amusement industry experience to one of the company’s flagship destinations.” https://t.co/Mrk7VI9JZc",Industry News,X
🚨BREAKING: Ramsey Nouah finally leaves the Nollywood Industry 😂😂,Industry News,X
"#Breaking | Fire incident in Bhubaneswar 🧵

• Truck catches fire on NH • Driver &amp; helper escape safely • Fire services respond swiftly

Cause under probe. 

@DGFS_HGs_CD 

#Odisha #Bhubaneswar #FireIncident https://t.co/ZoV3tknZpY",Industry News,X
"Stay connected to the in-plant printing community with In-Plant Impressions eNews. Get breaking industry news, best practices, technology updates, and insights delivered straight to your inbox!

📩 Subscribe here: https://t.co/HtazclFigq

#InplantImpressions #Newsletter https://t.co/zjKHWp2k95",Industry News,X
🔴 BREAKING: Saudi Arabia’s Minister of Industry and Mineral Resources Bandar Alkhorayef tells Al Arabiya Business that some export capacities of the Kingdom have been transferred from the Eastern Region to the Western Region. https://t.co/IXPUMc0pjM,Industry News,X
"The Spring 2026 ACI Concrete Convention had record-breaking attendance, which included industry professionals from over 40 different countries.🌟 The international efforts at each convention reflect ACI’s continued work to increase global participation and disseminate industry knowledge worldwide.

🌎 International activities at the Spring Convention included the ACI International Forum, International Lunch, International Session: ""Carbon Conscious Concrete – International Efforts for CO2 Reduction in the Concrete Industry,"" and the International Speakers Committee Meeting.

🌎 The ACI international team convened with distinguished representatives from three key global regions—Latin America, Western Europe, and Asia Pacific—highlighting the organization’s continued commitment to international collaboration. During these meetings, ACI signed memorandums of understanding (MOUs) with FIB (The International Federation for Structural Concrete), IBRACON (Instituto Brasileiro Do Concreto), and Associação Brasileira de Normas Técnicas (ABNT). This latest collaboration adds to ACI’s expanding portfolio of international relationships, now numbering more than 75 organizations.

🌎 The FRP Composites Student Competition featured 43 teams from around the world, including the USA, Bangladesh, Canada, Mexico, Ecuador, Peru, Poland, Guatemala, Columbia, the Philippines, and Puerto Rico.

🌎 ACI also recognized a distinguished group of Chapters from around the world with Excellent and Outstanding ACI Chapters. Winners included chapters from the USA, India, Mexico, Canada, the Philippines, Singapore, Peru and the Republic of Columbia.

For more information on specific concrete resources available for your region, visit the ACI regional portals in the top left corner at https://t.co/OryDLIGg6t.",Industry News,X
"@nattyallanz @GITA_Africa Yes, we are witnessing the rise of girls breaking barriers and building bridges within the tourism industry led by @Jannie_jennah",Industry News,X
"#Breaking | Lighting up rural Odisha 💡

@VedantaAluminum installs 325 solar streetlights, improving safety and accessibility across villages in #Jharsuguda & #Sundargarh 🌱

• Clean energy generation underway
• ~24 tonnes CO₂ reduced annually
• Improved safety for communities

@DMSundargarh @dm_jharsuguda",Industry News,X
"BREAKING 🚨

News is emerging about a significant development in the crypto space, with a major player making a surprising move that's leaving many stunned 💸. 
 
The CoinBureau reports that this move is coming from a well-known industry giant, and it's happening right now in the heart of the global financial market. 

This raises important questions about the future of cryptocurrency regulation, so what do you think this means for the market in the long run ⚡.
 
 #Crypto #Bitcoin #AlphaPulse",Industry News,X
"#Breaking | #Bhubaneswar | BDA demolishes illegal constructions over ~100 acres in Shyampur after a 4-day anti-encroachment drive. 🚨

Land demarcated; probe into illegal dealings likely. 📢

@bdabbsr @BDA_BBSR 

#Odisha #BDA https://t.co/wdP7bc4yWc",Industry News,X
"@thehollylin1 Amazing breaker and dude, we’ve talked before plenty of times about the breaking industry and how we can be the best of them",Industry News,X
"#Breaking | Odisha sizzles under severe heatwave; warnings issued for 6 districts. 🚨

@IMDWeather @mcbbsr 

#Odisha #Heatwave",Industry News,X
Breaking: Industry sector activities declined in August – CBN https://t.co/gQOl8rTqwX,Industry News,X
Finally got the new X chat. @nikitabier is breaking industry ground by having the world's first blind design team,Industry News,X
"#Breaking | Govt assures no disruption amid West Asia crisis 🚨

• Milk &amp; LPG supply uninterrupted • PNG expansion continues • Inspections intensified • Indian vessels transit Hormuz safely • 12 seafarers return from Iraq

#India #Hormuz #westasiaconflict #Trump https://t.co/SJMQvWWWL1",Industry News,X
Britain’s Energy Crisis Is Breaking Industry And Agriculture https://t.co/S36jehPQsu via @ccdeditor,Industry News,X
"🚨 BREAKING 🇮🇷 🚢

Iran 🇮🇷 warns its neighbors: ""Any country allowing the U.S. to use its facilities for attacks will see its oil industry destroyed,"" as the IRGC maintains its blockade of the Strait of Hormuz. https://t.co/Ax4TuxHmVp",Industry News,X
"🎙️ New Braves Country Convos!

@wileyballard_  joins the show to talk about his career path to @BravesVisionTV, advice for breaking into the industry, Braves storylines, &amp; some rapid-fire fun!

Watch now: https://t.co/aCXu6VWSuy https://t.co/IFxkhgKKDa",Industry News,X
"“Yul, your juniors in the industry are breaking records , look at Toyin at 43, doing billions in the cinema but you are here wearing kaftan with the face of the president.”- Noble Igwe blasts Yul Edochie following his negative statements about presidential candidate Peter Obi 

—-
South Africans GM CT Today is Friday Salako",Industry News,X
"🇪🇪🤝🇹🇷 BREAKING: Turkey to build a €300M ammunition plant in Estonia.

📍 Põhja-Kiviõli Defense Industry Park 🏭 ARCA Baltics Operations (Turkish defense firm)
A major boost for European defense production. 👇 https://t.co/RXKnNrA2e8",Industry News,X
"#BREAKING: Justin Treadue:

We're now having to look at working with China because the American industry doesn't want to work with us anymore. https://t.co/aSMaDYVZDo",Industry News,X
"There's something a bit off about Gil Duran, who's currently citing Breitbart articles attacking as ""racist"" a woman who'd just criticized Marc Andreesen and VC industry after breaking up with Weev. Worse, he lacks manner. https://t.co/XWX0pAAsh2",Industry News,X
"#Breaking | Campaign trail wraps up. 📢

Tamil Nadu and West Bengal head to polls on Thursday. 🗞️

#TamilnaduLegislativeAssemblyelection2026  #WestBengalLegislativeAssemblyelection2026",Industry News,X
and if i say these pics represent them breaking industry stereotypes then what??? 😝😝😝😝 https://t.co/vxBJECapac,Industry News,X
"#Breaking | Odisha boosts aviation connectivity 🧵

• Puri airport development moves forward
• Discussions with @AAI_Official 
• 10 new routes proposed
• Linking major cities across India

Connectivity set to improve. ✅

@InvestInOdisha @dm_puri 

#Odisha #India #Puri",Industry News,X
"Breaking into the personnel industry is competitive and challenging. Trust me, I was there, and honestly, still am, as we are always trying to work our way up and better ourselves while leaving an impact for these student athletes. The pathways are narrow, the competition is fierce, and many highly qualified candidates struggle to find their first opportunity, as it is a connection-based business, unfortunately. 

If you're passionate about scouting and personnel at any level, I'm always here to share insights of how I got my foot in the door and provide advice and answer any questions. I want to support those who are serious about building a career in personnel.",Industry News,X
"Breaking: Ewingella americana sounds awesome. 

Will it get the same treatment by the American RX industry as ivermectin, Nattokinase, cbd, &amp; other supplements?

Will they study it @RFKJr_Official ?

Enzymes from frog guts make sense like Lumbrokinase from earthworm guts.",Industry News,X
BREAKING INDUSTRY NORMS IKTR https://t.co/wmu7fwO6WC,Industry News,X
"🚨BREAKING NEWS🚨

Aina Abdul's next single Berjauhan will be out this Friday! ✨

This is not a drill people! Music industry is shaking frr🔥

Berjauhan
Aina Abdul (CA) 
Friday 24 April 2026 https://t.co/eFLeX8WCYk",Industry News,X
"🚨 BREAKING: Donald Trump will speak at a major crypto conference in Florida tomorrow.
From skepticism to spotlight — crypto is now impossible to ignore at the highest level of power.
This could be a defining moment for the entire industry and also for #XRP https://t.co/ikzIVoOOPY",Industry News,X
"AI, Margin Pressure, and the Consolidation of Freight Tech

(0:00- 3:31)  Jonathan’s Beginning in the Industry
(4:29- 5:19) The https://t.co/AyuV7KFqoC Story
(9:26- 10:41)  The Hard Truth About Automation
(17:41- 18:31) The Breaking Point: Two Companies in One
(21:03- 22:23) Lessons From Pain Points
(23:15- 25:22) What Differentiates https://t.co/AyuV7KFqoC
(34:44- 35:42 )Why Building a TMS Today Is “Ridiculous”
(41:38-  42:17)  The Importance of Being Unique
(48:33-  50:33)  What’s Next for https://t.co/AyuV7KFqoC",Industry News,X
"#Breaking | Fire reported at VIMSAR, Sambalpur. 🚨

Blaze in Pediatric SNCU building, reportedly from AC short circuit; situation controlled. 

#Odisha #Sambalpur #VIMSAR https://t.co/B4zo3KoBG6",Industry News,X
"I am constantly providing market updates as flows change, assisting with setups and sharing my trades in Discord. 

https://t.co/MHftpN1cAk https://t.co/nu5WuUhLP8",Industry News,X
"Nigerians are already getting free daily stock market updates and investment education on The Naija Investors. The number grows every hour.

If you have not joined, you are leaving free knowledge on the table. If you have joined, send this to three people right now. 

We hit 500 before tomorrow.

https://t.co/qpTHZuAqcI",Industry News,X
"🚨 Just launched a new page: @bullmarketdaily 🚨

If you’re into markets, staying ahead of the news, and catching key alerts before the crowd… this is for you.

I’ll be posting:
📈 Daily market updates
⚡️ Breaking news that actually matters
🎯 Key alerts you don’t want to miss

If you’ve ever asked me about markets, trades, or what’s going on behind the scenes…

👉 Follow here: https://t.co/MuexyhDIfQ

Let’s build something big.",Industry News,X
"Every time I mention #btc to my parents 🤦‍♂️ 

Follow for your daily fix of market updates https://t.co/uWeu3OBovB",Industry News,X
Market Updates: #Bitcoin Slides to $74K Amid Escalating US–Iran Tensions; #Crypto Futures Log $384M in 24-hour Liquidations; Anthony Scaramucci Says BTC Aligns with Money Definition https://t.co/vQiqXppMLY @The Crypto Basic aracılığıyla,Industry News,X
"@DavidLe76335983 Doesn't matter, Algo will always take POTUS tweets at full face value",Industry News,X
"@amit0xic it was 1.5 years back hahaha my second third video 

use to give market updates hahaha",Industry News,X
@WheelieInvestor Lol it was 1.6% down last weekend,Industry News,X
"Cryptomarket Check-In. Major Events &amp; Headlines

#Crypto market updates this week centered around payment systems, #stablecoin infrastructure, protocol-level upgrades, and increased #institutional participation.",Industry News,X
"For those who want to follow his direct market updates and insights, you can join our official channel here:
🔗https://t.co/sRpOU3wpRq",Industry News,X
"#DA Dearness allowance increased by 2% 
Central government employees are too happy 😊😂",Industry News,X
"ASIA-PAC MARKET UPDATES #NewsquawkAnalysis                                                                                                                                                                                                                                                                                        

For more details and/or questions about a specific  asset, please contact the desk via the Newsquawk analyst chat 👇                                                                                                                                                                                                                     

Live 24hr global squawk of market trading news with audio",Industry News,X
Track more market updates on Bitget UEX: https://t.co/5mpntakTv8,Industry News,X
"Market Updates Before Closing @3pm 

TODAY WE AGAIN BOOKED PROFIT OF RS. @42K 

NOW ...

#NIFTY SPOT TRADING NEAR 24,350
PLUS 155 PTS.

#NIFTYBANK SPOT TRADING NEAR 56 580
PLUS 488 PTS.

STILL LOOKING STRONG 💪.

IN BETWEEN.

#USDINR AGAINST #DOLLAR TRADING NEAR 92.816

#WTI_CRUDEOIL TRADING NEAR 90.85 $ 

POSITIONS HOLD AND GIVE TIME 

#WAR ALWAYS BEST OPPORTUNITIES",Industry News,X
@SpecialSitsNews May be that's y we should not have a business man as the POTUS,Industry News,X
"#Angelone we added near bottom for new High

Follow me for market updates 
@ViveKSingh_DC",Industry News,X
"Join My Free Exclusive Telegram Group!👇🏻📊

✅ You will get!👇
1. Swing Trades 
2. Intraday Trades
3. Long Term Picks
4. Positional Trades 
5. Big Learning 
6. Momentum Charts 
7. Lastest Market Updates 

✅ 𝐋𝐢𝐧𝐤 𝐭𝐨 𝐣𝐨𝐢𝐧 : https://t.co/UndpRPiLlv",Industry News,X
"@Mr_Derivatives Whole premise of the last two weeks run was on ceasefire and a deal, none of that exists now, so ideally SPX should be much lower than 6600",Industry News,X
"@JesseCohenInv @Investingcom Lol not even half of what it went down last weekend, strange no tweet storm from Trump unlike Friday",Industry News,X
"What's the Market Doing and Where are the Positions? https://t.co/rVttRTKovO

Market Updates: 

Expect a bit of a pullback on the main indexs. 

Semis are a bit extended as well. 

Space still super hot. 

Watchlist for Tommorrow...Most Entries are 10/20 MA Reclaim After Morning Washout: 

$WULF (bitcoin miner)

$CRWV

$VRT

$GLW

$TSEM

$UUUU wait for wash down  to 10 MA 

$CCJ

$AMPX

$QBTS wait for wash down to the 200 MA
.
.
.
.
#stocktips #swingtrading",Industry News,X
"@ElatedCarrot @Karim17860 because both of you are retards who dont watch my market updates.

Sorry but if war starts again it will crash nicely.

If you watch my updates i said sub 50k is unlikely

is 78k to ~mid 60's not a crash(maybe even high 50's)

Youre both fucking retarded and poor",Industry News,X
"$WKC +16.65%
Today's rise confirms my accurate prediction of this stock's price movement. Many people want to know my stock selection strategy, so please follow me and like this post. If you want to know the latest stock market updates,
#WKC
#Stock
#StockMarket
#StockTrading
#MXL https://t.co/qyO535aheF",Industry News,X
"Stocks To Watch
#StockMarketEmpire

For Real-Time Market Updates📈 📉 Join Our
Telegram Channel 👉 https://t.co/Dm2Smk6eB8 https://t.co/UMGwERjHhp",Industry News,X
"@TheProfInvestor Doesn't mean he can't be right, broken clock is right twice a day.",Industry News,X
🔴 LIVE: Time To Lock In | Printr vs Pump? Onchain Heating Up! | Market Updates + Alpha https://t.co/SWRG6WkQB0,Industry News,X
"📢 Join our FREE Telegram Channel for stock market updates, concall insights, detailed fundamental research reports and technical deep dive sessions. 

https://t.co/2C11f9QvL2",Industry News,X
@SpecialSitsNews Either they r trying to supress the oil or they r spooked,Industry News,X
"All market updates are in my private TG channel

Link: https://t.co/uLZXhhwuNG",Industry News,X
"📌 Top 3 Stocks on my watchlist for tomorrow 🔥🚀

Live Market Updates - https://t.co/hVsuKnfBOo 

1. #Niacl above 171 👇
- Urgency Set-up 
- High RS
- +ve news came for sector https://t.co/cbeIPatSmP",Industry News,X
"Market updates: 

1. Portfolio is coming back strong. 

2. Balanced equity funds are bad. 

3. Updates on Anand Rathi Stock Broking and HDB Financials. https://t.co/sbmTPGhy7M",Industry News,X
"After a rally in Power, Metals &amp; Capital Goods,

the next leg of rally can come from 👇

#Auto &amp; #Ancillary
#PSUBANK
#PrivateBanks (Smallcap)

Join Telegram for Live Market Updates 🔗https://t.co/GFoBeHojEy",Industry News,X
"@DeItaone 🚀I share real-time market updates &amp; proven trading strategies on WhatsApp every day..
Totally free, no strings attached ✅
Click below to join my group 👇
Here’s the link : https://t.co/g0qvJxp8vR",Industry News,X
"Free market updates. Free investment education. Awareness against Ponzi schemes and illegal investments. 

That is 100 Nigerians choosing to take their financial future seriously. 

Welcome to every single one of you.

 Let us grow together.

500 is possible before 24hrs 

Join now
 https://t.co/qpTHZuAqcI",Industry News,X
@InvestorOfJAMMU Ceasefire will extend and then trump will get bored with it and the said ceasefire will become defacto,Industry News,X
"Get in the game with @leahbluewater and @lil_defi !

CSN 🏈 The Kick Off

Start the week right with market updates and...

AMERICAN FOOTBALL! {😆}

👇Tell Them @realXRPL sent you👇
https://t.co/0V5FQ6aOL7",Industry News,X
"Crypto Market Updates - Key Headlines

ㆍ @ethereum Foundation flags DPRK-linked crypto worker network, alerts Web3 projects
ㆍUkraine arrests cybercrime suspect, seizes $11M assets including crypto
ㆍTRUMP memecoin sees whale accumulation ahead major event
ㆍFed Chair nominee Kevin Warsh discloses $100M+ in crypto & AI investments
ㆍBitcoin seen as potential rival to gold amid rising geopolitical tensions

  🌐 https://t.co/NG0TcewXUM

#CoinGabbar #WeeklyNews #updates @GetTrumpMemes @federalreserve @Bitcoin",Industry News,X
This is why it's so important to be PATIENT as a TRADER &gt; Market has been so crazy 🤪 these days 😫 lot of manipulation and fluctuations &gt; I reduced dropping 🫳 signals and market updates 😑 yet I carried my community along when the opportunity of $RAVE LONG &amp; SHORT came up &gt; https://t.co/WZuHQNfAgI,Industry News,X
"The US president said he could not meet demands to end the barricade, adding that Iran wanted the Strait of Hormuz open so it could ‘make $500 Million Dollars a day’.

Follow the blog for the latest news and market updates: https://t.co/TffzkpxPTC https://t.co/VjisF363yq",Industry News,X
"Hi everyone 👋, I'm Scarlett. I share clear stock market updates and technical chart analysis. You'll find important market commentary, key levels to watch, and straightforward breakdowns of what's moving the markets. 
My goal is to make financial markets easier to understand with no hype and no fluff.All content is for educational and informational purposes only. Not financial advice.
Looking forward to growing together in the markets. What market or sector are you watching most closely right now? $SPY",Industry News,X
"Good afternoon.  The Monday market updates for Metals, Energy, Currencies, Crypto, Grains/Financials, Stock/ETF, and S&amp;P are now posted online.",Industry News,X
